{
    "gpt5": {
        "exact_match_rate": [0.026292889109895575],
        "micro_recall": [0.026292889109895575],
        "micro_precision": [0.026292889109895575],
        "micro_f1": [0.026292889109895575],
        "macro_precision": [0.03279308602213647],
        "macro_recall": [0.03904051263480153],
        "macro_f1": [0.015191734824455926],
        "percentage_invalids": [13.339134758826454]
    },
    "pi0": {
        "exact_match_rate": [0.05162232720039781],
        "micro_precision": [0.05162232720039781],
        "micro_recall": [0.05162232720039781],
        "micro_f1": [0.05162232720039781],
        "macro_precision": [0.028033222896770762],
        "macro_recall": [0.025018958754641486],
        "macro_f1": [0.016565698722971964],
        "percentage_invalids": [7.26317752362009]
    },
    "magma": {
        "exact_match_rate": [0.0],
        "micro_recall": [0.0],
        "micro_precision": [0.0],
        "micro_f1": [0.0],
        "macro_precision": [0.0],
        "macro_recall": [0.0],
        "macro_f1": [0.0],
        "percentage_invalids": [100.0]
    }
}